,task,generalization,model,completeness,fidelity,n_layers,temperature,emb_size,learning_rate,train_epochs,max_size_train,max_prob_train
0,multilabel,weak,BlackBoxGNN,0.9642708552144772,0.7928808008633843,8,1,16,0.005,100,8,0.8
1,multilabel,weak,HierarchicalGCN,0.8851727962946836,1.0,8,1,16,0.005,100,8,0.8
2,multilabel,weak,GCoRe,0.8268297190932797,1.0,8,1,16,0.005,100,8,0.8
3,multilabel,weak,BlackBoxGNN,0.9533497993345998,0.7802629645952696,8,1,16,0.005,100,8,0.8
4,multilabel,weak,HierarchicalGCN,0.8753132890083393,1.0,8,1,16,0.005,100,8,0.8
5,multilabel,weak,GCoRe,0.8735051586659344,1.0,8,1,16,0.005,100,8,0.8
6,multilabel,weak,BlackBoxGNN,0.9674330852833203,0.5872382127690465,8,1,16,0.005,100,8,0.8
7,multilabel,weak,HierarchicalGCN,0.7209787015250576,1.0,8,1,16,0.005,100,8,0.8
8,multilabel,weak,GCoRe,0.7540320497963486,1.0,8,1,16,0.005,100,8,0.8
9,multilabel,strong,BlackBoxGNN,0.9440691478488453,0.5903966597077245,8,1,16,0.005,100,8,0.8
10,multilabel,strong,HierarchicalGCN,0.791192519815978,1.0,8,1,16,0.005,100,8,0.8
11,multilabel,strong,GCoRe,0.793176526953,1.0,8,1,16,0.005,100,8,0.8
12,multilabel,strong,BlackBoxGNN,0.9561898062505687,0.598235220418464,8,1,16,0.005,100,8,0.8
13,multilabel,strong,HierarchicalGCN,0.7027867140658227,1.0,8,1,16,0.005,100,8,0.8
14,multilabel,strong,GCoRe,0.6697760094612374,1.0,8,1,16,0.005,100,8,0.8
15,multilabel,strong,BlackBoxGNN,0.9296695161899307,0.5917781009470436,8,1,16,0.005,100,8,0.8
16,multilabel,strong,HierarchicalGCN,0.7524352595510798,1.0,8,1,16,0.005,100,8,0.8
17,multilabel,strong,GCoRe,0.7874416130120998,1.0,8,1,16,0.005,100,8,0.8
18,Distributive,weak,BlackBoxGNN,0.9600000532102875,0.7946103423160962,8,1,16,0.005,100,8,0.8
19,Distributive,weak,HierarchicalGCN,0.9964711602458847,1.0,8,1,16,0.005,100,8,0.8
20,Distributive,weak,GCoRe,0.983890474604725,1.0,8,1,16,0.005,100,8,0.8
21,Distributive,weak,BlackBoxGNN,0.9677916936225093,0.7920466982852974,8,1,16,0.005,100,8,0.8
22,Distributive,weak,HierarchicalGCN,0.9960643422879072,1.0,8,1,16,0.005,100,8,0.8
23,Distributive,weak,GCoRe,0.9945038345340462,1.0,8,1,16,0.005,100,8,0.8
24,Distributive,weak,BlackBoxGNN,0.9817039700213261,0.9976333515383216,8,1,16,0.005,100,8,0.8
25,Distributive,weak,HierarchicalGCN,0.9938798218419342,1.0,8,1,16,0.005,100,8,0.8
26,Distributive,weak,GCoRe,0.995632543020624,1.0,8,1,16,0.005,100,8,0.8
27,Distributive,strong,BlackBoxGNN,0.955685737337199,0.8053018090632277,8,1,16,0.005,100,8,0.8
28,Distributive,strong,HierarchicalGCN,0.9938622255828417,1.0,8,1,16,0.005,100,8,0.8
29,Distributive,strong,GCoRe,0.9952743401090344,1.0,8,1,16,0.005,100,8,0.8
30,Distributive,strong,BlackBoxGNN,0.9635102958636392,0.8,8,1,16,0.005,100,8,0.8
31,Distributive,strong,HierarchicalGCN,0.9923340178365476,1.0,8,1,16,0.005,100,8,0.8
32,Distributive,strong,GCoRe,0.9919897930290382,1.0,8,1,16,0.005,100,8,0.8
33,Distributive,strong,BlackBoxGNN,0.9525024700436602,0.801762114537445,8,1,16,0.005,100,8,0.8
34,Distributive,strong,HierarchicalGCN,0.9946660023563891,1.0,8,1,16,0.005,100,8,0.8
35,Distributive,strong,GCoRe,0.995068753559682,1.0,8,1,16,0.005,100,8,0.8
36,Modular,weak,BlackBoxGNN,0.9790398435053183,0.9985643643324295,8,1,16,0.005,100,8,0.8
37,Modular,weak,HierarchicalGCN,0.9950957583700842,1.0,8,1,16,0.005,100,8,0.8
38,Modular,weak,GCoRe,0.9930207102084003,1.0,8,1,16,0.005,100,8,0.8
39,Modular,weak,BlackBoxGNN,0.973685130085544,0.9872721558768071,8,1,16,0.005,100,8,0.8
40,Modular,weak,HierarchicalGCN,0.9880402077859511,1.0,8,1,16,0.005,100,8,0.8
41,Modular,weak,GCoRe,0.9806358630759875,1.0,8,1,16,0.005,100,8,0.8
42,Modular,weak,BlackBoxGNN,0.9699855082132479,0.8160773743459648,8,1,16,0.005,100,8,0.8
43,Modular,weak,HierarchicalGCN,0.9948460571962284,1.0,8,1,16,0.005,100,8,0.8
44,Modular,weak,GCoRe,0.99082514232343,1.0,8,1,16,0.005,100,8,0.8
45,Modular,strong,BlackBoxGNN,0.9568041650649328,0.8313872022419431,8,1,16,0.005,100,8,0.8
46,Modular,strong,HierarchicalGCN,0.9923715688076973,1.0,8,1,16,0.005,100,8,0.8
47,Modular,strong,GCoRe,0.9954264697416242,1.0,8,1,16,0.005,100,8,0.8
48,Modular,strong,BlackBoxGNN,0.9341762874429682,0.8272899373816806,8,1,16,0.005,100,8,0.8
49,Modular,strong,HierarchicalGCN,0.9941547137132538,1.0,8,1,16,0.005,100,8,0.8
50,Modular,strong,GCoRe,0.9937716638821991,1.0,8,1,16,0.005,100,8,0.8
51,Modular,strong,BlackBoxGNN,0.965850729157663,0.8289202473442208,8,1,16,0.005,100,8,0.8
52,Modular,strong,HierarchicalGCN,0.992118074619595,1.0,8,1,16,0.005,100,8,0.8
53,Modular,strong,GCoRe,0.9939551209732329,1.0,8,1,16,0.005,100,8,0.8
54,Meet_SemiDistributive,weak,BlackBoxGNN,0.969846184725814,0.9999347556599465,8,1,16,0.005,100,8,0.8
55,Meet_SemiDistributive,weak,HierarchicalGCN,0.9846468749553513,1.0,8,1,16,0.005,100,8,0.8
56,Meet_SemiDistributive,weak,GCoRe,0.9835042123082638,1.0,8,1,16,0.005,100,8,0.8
57,Meet_SemiDistributive,weak,BlackBoxGNN,0.9689517172823447,0.9870138260757204,8,1,16,0.005,100,8,0.8
58,Meet_SemiDistributive,weak,HierarchicalGCN,0.982410321947622,1.0,8,1,16,0.005,100,8,0.8
59,Meet_SemiDistributive,weak,GCoRe,0.9812898204484857,1.0,8,1,16,0.005,100,8,0.8
60,Meet_SemiDistributive,weak,BlackBoxGNN,0.9638268859420329,0.9629533002869815,8,1,16,0.005,100,8,0.8
61,Meet_SemiDistributive,weak,HierarchicalGCN,0.982274707373546,1.0,8,1,16,0.005,100,8,0.8
62,Meet_SemiDistributive,weak,GCoRe,0.9788183290777804,1.0,8,1,16,0.005,100,8,0.8
63,Meet_SemiDistributive,strong,BlackBoxGNN,0.942030154915269,0.9576314774334577,8,1,16,0.005,100,8,0.8
64,Meet_SemiDistributive,strong,HierarchicalGCN,0.9753649541262646,1.0,8,1,16,0.005,100,8,0.8
65,Meet_SemiDistributive,strong,GCoRe,0.9737249581977809,1.0,8,1,16,0.005,100,8,0.8
66,Meet_SemiDistributive,strong,BlackBoxGNN,0.9530205160946279,0.9628638558934864,8,1,16,0.005,100,8,0.8
67,Meet_SemiDistributive,strong,HierarchicalGCN,0.9750388086134818,1.0,8,1,16,0.005,100,8,0.8
68,Meet_SemiDistributive,strong,GCoRe,0.9628474490033049,1.0,8,1,16,0.005,100,8,0.8
69,Meet_SemiDistributive,strong,BlackBoxGNN,0.9560048492547122,1.0,8,1,16,0.005,100,8,0.8
70,Meet_SemiDistributive,strong,HierarchicalGCN,0.9732416702750329,1.0,8,1,16,0.005,100,8,0.8
71,Meet_SemiDistributive,strong,GCoRe,0.9728813369447845,1.0,8,1,16,0.005,100,8,0.8
72,Join_SemiDistributive,weak,BlackBoxGNN,0.964706034732872,0.9633039503754489,8,1,16,0.005,100,8,0.8
73,Join_SemiDistributive,weak,HierarchicalGCN,0.9836147147271614,1.0,8,1,16,0.005,100,8,0.8
74,Join_SemiDistributive,weak,GCoRe,0.9827691889676389,1.0,8,1,16,0.005,100,8,0.8
75,Join_SemiDistributive,weak,BlackBoxGNN,0.969351102661562,0.977449853072697,8,1,16,0.005,100,8,0.8
76,Join_SemiDistributive,weak,HierarchicalGCN,0.9831826821313635,1.0,8,1,16,0.005,100,8,0.8
77,Join_SemiDistributive,weak,GCoRe,0.9834232553159321,1.0,8,1,16,0.005,100,8,0.8
78,Join_SemiDistributive,weak,BlackBoxGNN,0.9642359139567289,0.9632434549846576,8,1,16,0.005,100,8,0.8
79,Join_SemiDistributive,weak,HierarchicalGCN,0.9820769869873819,1.0,8,1,16,0.005,100,8,0.8
80,Join_SemiDistributive,weak,GCoRe,0.982574688036248,1.0,8,1,16,0.005,100,8,0.8
81,Join_SemiDistributive,strong,BlackBoxGNN,0.9531519260479815,0.99768205524435,8,1,16,0.005,100,8,0.8
82,Join_SemiDistributive,strong,HierarchicalGCN,0.9785782700707633,1.0,8,1,16,0.005,100,8,0.8
83,Join_SemiDistributive,strong,GCoRe,0.9689106172585682,1.0,8,1,16,0.005,100,8,0.8
84,Join_SemiDistributive,strong,BlackBoxGNN,0.9552988361526111,0.9650199047183972,8,1,16,0.005,100,8,0.8
85,Join_SemiDistributive,strong,HierarchicalGCN,0.9562998063515744,1.0,8,1,16,0.005,100,8,0.8
86,Join_SemiDistributive,strong,GCoRe,0.9708552857644925,1.0,8,1,16,0.005,100,8,0.8
87,Join_SemiDistributive,strong,BlackBoxGNN,0.9392639495012468,0.9969084116965091,8,1,16,0.005,100,8,0.8
88,Join_SemiDistributive,strong,HierarchicalGCN,0.9728162016832917,1.0,8,1,16,0.005,100,8,0.8
89,Join_SemiDistributive,strong,GCoRe,0.9779144911159601,1.0,8,1,16,0.005,100,8,0.8
90,SemiDistributive,weak,BlackBoxGNN,0.9738079118214171,0.9988522819335673,8,1,16,0.005,100,8,0.8
91,SemiDistributive,weak,HierarchicalGCN,0.9835975806853653,1.0,8,1,16,0.005,100,8,0.8
92,SemiDistributive,weak,GCoRe,0.9842520440277218,1.0,8,1,16,0.005,100,8,0.8
93,SemiDistributive,weak,BlackBoxGNN,0.97297787655712,0.9981757989325045,8,1,16,0.005,100,8,0.8
94,SemiDistributive,weak,HierarchicalGCN,0.9850519908350481,1.0,8,1,16,0.005,100,8,0.8
95,SemiDistributive,weak,GCoRe,0.9862261787394642,1.0,8,1,16,0.005,100,8,0.8
96,SemiDistributive,weak,BlackBoxGNN,0.975468208571892,0.9963572584997301,8,1,16,0.005,100,8,0.8
97,SemiDistributive,weak,HierarchicalGCN,0.9876111793141539,1.0,8,1,16,0.005,100,8,0.8
98,SemiDistributive,weak,GCoRe,0.9881005722220095,1.0,8,1,16,0.005,100,8,0.8
99,SemiDistributive,strong,BlackBoxGNN,0.961048675609744,0.9971608193064287,8,1,16,0.005,100,8,0.8
100,SemiDistributive,strong,HierarchicalGCN,0.9783544209843984,1.0,8,1,16,0.005,100,8,0.8
101,SemiDistributive,strong,GCoRe,0.9769684254278972,1.0,8,1,16,0.005,100,8,0.8
102,SemiDistributive,strong,BlackBoxGNN,0.9213533652117198,0.992143511850203,8,1,16,0.005,100,8,0.8
103,SemiDistributive,strong,HierarchicalGCN,0.9781594072635946,1.0,8,1,16,0.005,100,8,0.8
104,SemiDistributive,strong,GCoRe,0.9749111585280229,1.0,8,1,16,0.005,100,8,0.8
105,SemiDistributive,strong,BlackBoxGNN,0.9631780684942921,0.9891997048366539,8,1,16,0.005,100,8,0.8
106,SemiDistributive,strong,HierarchicalGCN,0.9763899791976399,1.0,8,1,16,0.005,100,8,0.8
107,SemiDistributive,strong,GCoRe,0.9775559151747102,1.0,8,1,16,0.005,100,8,0.8
